1,Noah,https://www.ssa.gov/oact/babynames/decades/names2010s.html,United States,2019,male,given
2,Liam,https://www.ssa.gov/oact/babynames/decades/names2010s.html,United States,2019,male,given
3,Jacob,https://www.ssa.gov/oact/babynames/decades/names2010s.html,United States,2019,male,given
4,William,https://www.ssa.gov/oact/babynames/decades/names2010s.html,United States,2019,male,given
5,Mason,https://www.ssa.gov/oact/babynames/decades/names2010s.html,United States,2019,male,given
6,Ethan,https://www.ssa.gov/oact/babynames/decades/names2010s.html,United States,2019,male,given
7,Michael,https://www.ssa.gov/oact/babynames/decades/names2010s.html,United States,2019,male,given
8,Alexander,https://www.ssa.gov/oact/babynames/decades/names2010s.html,United States,2019,male,given
9,James,https://www.ssa.gov/oact/babynames/decades/names2010s.html,United States,2019,male,given
10,Elijah,https://www.ssa.gov/oact/babynames/decades/names2010s.html,United States,2019,male,given
11,Benjamin,https://www.ssa.gov/oact/babynames/decades/names2010s.html,United States,2019,male,given
12,Daniel,https://www.ssa.gov/oact/babynames/decades/names2010s.html,United States,2019,male,given
13,Aiden,https://www.ssa.gov/oact/babynames/decades/names2010s.html,United States,2019,male,given
14,Logan,https://www.ssa.gov/oact/babynames/decades/names2010s.html,United States,2019,male,given
15,Jayden,https://www.ssa.gov/oact/babynames/decades/names2010s.html,United States,2019,male,given
16,Matthew,https://www.ssa.gov/oact/babynames/decades/names2010s.html,United States,2019,male,given
17,Lucas,https://www.ssa.gov/oact/babynames/decades/names2010s.html,United States,2019,male,given
18,David,https://www.ssa.gov/oact/babynames/decades/names2010s.html,United States,2019,male,given
19,Jackson,https://www.ssa.gov/oact/babynames/decades/names2010s.html,United States,2019,male,given
20,Joseph,https://www.ssa.gov/oact/babynames/decades/names2010s.html,United States,2019,male,given
21,Emma,https://www.ssa.gov/oact/babynames/decades/names2010s.html,United States,2019,female,given
22,Olivia,https://www.ssa.gov/oact/babynames/decades/names2010s.html,United States,2019,female,given
23,Sophia,https://www.ssa.gov/oact/babynames/decades/names2010s.html,United States,2019,female,given
24,Isabella,https://www.ssa.gov/oact/babynames/decades/names2010s.html,United States,2019,female,given
25,Ava,https://www.ssa.gov/oact/babynames/decades/names2010s.html,United States,2019,female,given
26,Mia,https://www.ssa.gov/oact/babynames/decades/names2010s.html,United States,2019,female,given
27,Abigail,https://www.ssa.gov/oact/babynames/decades/names2010s.html,United States,2019,female,given
28,Emily,https://www.ssa.gov/oact/babynames/decades/names2010s.html,United States,2019,female,given
29,Charlotte,https://www.ssa.gov/oact/babynames/decades/names2010s.html,United States,2019,female,given
30,Madison,https://www.ssa.gov/oact/babynames/decades/names2010s.html,United States,2019,female,given
31,Elizabeth,https://www.ssa.gov/oact/babynames/decades/names2010s.html,United States,2019,female,given
32,Amelia,https://www.ssa.gov/oact/babynames/decades/names2010s.html,United States,2019,female,given
33,Evelyn,https://www.ssa.gov/oact/babynames/decades/names2010s.html,United States,2019,female,given
34,Ella,https://www.ssa.gov/oact/babynames/decades/names2010s.html,United States,2019,female,given
35,Chloe,https://www.ssa.gov/oact/babynames/decades/names2010s.html,United States,2019,female,given
36,Harper,https://www.ssa.gov/oact/babynames/decades/names2010s.html,United States,2019,female,given
37,Avery,https://www.ssa.gov/oact/babynames/decades/names2010s.html,United States,2019,female,given
38,Sofia,https://www.ssa.gov/oact/babynames/decades/names2010s.html,United States,2019,female,given
39,Grace,https://www.ssa.gov/oact/babynames/decades/names2010s.html,United States,2019,female,given
40,Addison,https://www.ssa.gov/oact/babynames/decades/names2010s.html,United States,2019,female,given
41,Jacob,https://www.ssa.gov/oact/babynames/decades/names2000s.html,United States,2009,male,given
42,Michael,https://www.ssa.gov/oact/babynames/decades/names2000s.html,United States,2009,male,given
43,Joshua,https://www.ssa.gov/oact/babynames/decades/names2000s.html,United States,2009,male,given
44,Matthew,https://www.ssa.gov/oact/babynames/decades/names2000s.html,United States,2009,male,given
45,Daniel,https://www.ssa.gov/oact/babynames/decades/names2000s.html,United States,2009,male,given
46,Christopher,https://www.ssa.gov/oact/babynames/decades/names2000s.html,United States,2009,male,given
47,Andrew,https://www.ssa.gov/oact/babynames/decades/names2000s.html,United States,2009,male,given
48,Ethan,https://www.ssa.gov/oact/babynames/decades/names2000s.html,United States,2009,male,given
49,Joseph,https://www.ssa.gov/oact/babynames/decades/names2000s.html,United States,2009,male,given
50,William,https://www.ssa.gov/oact/babynames/decades/names2000s.html,United States,2009,male,given
51,Anthony,https://www.ssa.gov/oact/babynames/decades/names2000s.html,United States,2009,male,given
52,David,https://www.ssa.gov/oact/babynames/decades/names2000s.html,United States,2009,male,given
53,Alexander,https://www.ssa.gov/oact/babynames/decades/names2000s.html,United States,2009,male,given
54,Nicholas,https://www.ssa.gov/oact/babynames/decades/names2000s.html,United States,2009,male,given
55,Ryan,https://www.ssa.gov/oact/babynames/decades/names2000s.html,United States,2009,male,given
56,Tyler,https://www.ssa.gov/oact/babynames/decades/names2000s.html,United States,2009,male,given
57,James,https://www.ssa.gov/oact/babynames/decades/names2000s.html,United States,2009,male,given
58,John,https://www.ssa.gov/oact/babynames/decades/names2000s.html,United States,2009,male,given
59,Jonathon,https://www.ssa.gov/oact/babynames/decades/names2000s.html,United States,2009,male,given
60,Noah,https://www.ssa.gov/oact/babynames/decades/names2000s.html,United States,2009,male,given
61,Emily,https://www.ssa.gov/oact/babynames/decades/names2000s.html,United States,2009,female,given
62,Madison,https://www.ssa.gov/oact/babynames/decades/names2000s.html,United States,2009,female,given
63,Emma,https://www.ssa.gov/oact/babynames/decades/names2000s.html,United States,2009,female,given
64,Olivia,https://www.ssa.gov/oact/babynames/decades/names2000s.html,United States,2009,female,given
65,Hannah,https://www.ssa.gov/oact/babynames/decades/names2000s.html,United States,2009,female,given
66,Abigail,https://www.ssa.gov/oact/babynames/decades/names2000s.html,United States,2009,female,given
67,Isabella,https://www.ssa.gov/oact/babynames/decades/names2000s.html,United States,2009,female,given
68,Samantha,https://www.ssa.gov/oact/babynames/decades/names2000s.html,United States,2009,female,given
69,Elizabeth,https://www.ssa.gov/oact/babynames/decades/names2000s.html,United States,2009,female,given
70,Ashley,https://www.ssa.gov/oact/babynames/decades/names2000s.html,United States,2009,female,given
71,Alexis,https://www.ssa.gov/oact/babynames/decades/names2000s.html,United States,2009,female,given
72,Sarah,https://www.ssa.gov/oact/babynames/decades/names2000s.html,United States,2009,female,given
73,Sophia,https://www.ssa.gov/oact/babynames/decades/names2000s.html,United States,2009,female,given
74,Alyssa,https://www.ssa.gov/oact/babynames/decades/names2000s.html,United States,2009,female,given
75,Grace,https://www.ssa.gov/oact/babynames/decades/names2000s.html,United States,2009,female,given
76,Ava,https://www.ssa.gov/oact/babynames/decades/names2000s.html,United States,2009,female,given
77,Taylor,https://www.ssa.gov/oact/babynames/decades/names2000s.html,United States,2009,female,given
78,Brianna,https://www.ssa.gov/oact/babynames/decades/names2000s.html,United States,2009,female,given
79,Lauren,https://www.ssa.gov/oact/babynames/decades/names2000s.html,United States,2009,female,given
80,Chloe,https://www.ssa.gov/oact/babynames/decades/names2000s.html,United States,2009,female,given
81,Michael,https://www.ssa.gov/oact/babynames/decades/names1990s.html,United States,1999,male,given
82,Christopher,https://www.ssa.gov/oact/babynames/decades/names1990s.html,United States,1999,male,given
83,Matthew,https://www.ssa.gov/oact/babynames/decades/names1990s.html,United States,1999,male,given
84,Joshua,https://www.ssa.gov/oact/babynames/decades/names1990s.html,United States,1999,male,given
85,Jacob,https://www.ssa.gov/oact/babynames/decades/names1990s.html,United States,1999,male,given
86,Nicholas,https://www.ssa.gov/oact/babynames/decades/names1990s.html,United States,1999,male,given
87,Andrew,https://www.ssa.gov/oact/babynames/decades/names1990s.html,United States,1999,male,given
88,Daniel,https://www.ssa.gov/oact/babynames/decades/names1990s.html,United States,1999,male,given
89,Tyler,https://www.ssa.gov/oact/babynames/decades/names1990s.html,United States,1999,male,given
90,Joseph,https://www.ssa.gov/oact/babynames/decades/names1990s.html,United States,1999,male,given
91,Brandon,https://www.ssa.gov/oact/babynames/decades/names1990s.html,United States,1999,male,given
92,David,https://www.ssa.gov/oact/babynames/decades/names1990s.html,United States,1999,male,given
93,James,https://www.ssa.gov/oact/babynames/decades/names1990s.html,United States,1999,male,given
94,Ryan,https://www.ssa.gov/oact/babynames/decades/names1990s.html,United States,1999,male,given
95,John,https://www.ssa.gov/oact/babynames/decades/names1990s.html,United States,1999,male,given
96,Zachary,https://www.ssa.gov/oact/babynames/decades/names1990s.html,United States,1999,male,given
97,Justin,https://www.ssa.gov/oact/babynames/decades/names1990s.html,United States,1999,male,given
98,William,https://www.ssa.gov/oact/babynames/decades/names1990s.html,United States,1999,male,given
99,Anthony,https://www.ssa.gov/oact/babynames/decades/names1990s.html,United States,1999,male,given
100,Robert,https://www.ssa.gov/oact/babynames/decades/names1990s.html,United States,1999,male,given
101,Jessica,https://www.ssa.gov/oact/babynames/decades/names1990s.html,United States,1999,female,given
102,Ashley,https://www.ssa.gov/oact/babynames/decades/names1990s.html,United States,1999,female,given
103,Emily,https://www.ssa.gov/oact/babynames/decades/names1990s.html,United States,1999,female,given
104,Sarah,https://www.ssa.gov/oact/babynames/decades/names1990s.html,United States,1999,female,given
105,Samantha,https://www.ssa.gov/oact/babynames/decades/names1990s.html,United States,1999,female,given
106,Amanda,https://www.ssa.gov/oact/babynames/decades/names1990s.html,United States,1999,female,given
107,Brittany,https://www.ssa.gov/oact/babynames/decades/names1990s.html,United States,1999,female,given
108,Elizabeth,https://www.ssa.gov/oact/babynames/decades/names1990s.html,United States,1999,female,given
109,Taylor,https://www.ssa.gov/oact/babynames/decades/names1990s.html,United States,1999,female,given
110,Megan,https://www.ssa.gov/oact/babynames/decades/names1990s.html,United States,1999,female,given
111,Hannah,https://www.ssa.gov/oact/babynames/decades/names1990s.html,United States,1999,female,given
112,Kayla,https://www.ssa.gov/oact/babynames/decades/names1990s.html,United States,1999,female,given
113,Lauren,https://www.ssa.gov/oact/babynames/decades/names1990s.html,United States,1999,female,given
114,Stephanie,https://www.ssa.gov/oact/babynames/decades/names1990s.html,United States,1999,female,given
115,Rachel,https://www.ssa.gov/oact/babynames/decades/names1990s.html,United States,1999,female,given
116,Jennifer,https://www.ssa.gov/oact/babynames/decades/names1990s.html,United States,1999,female,given
117,Nicole,https://www.ssa.gov/oact/babynames/decades/names1990s.html,United States,1999,female,given
118,Alexis,https://www.ssa.gov/oact/babynames/decades/names1990s.html,United States,1999,female,given
119,Victoria,https://www.ssa.gov/oact/babynames/decades/names1990s.html,United States,1999,female,given
120,Amber,https://www.ssa.gov/oact/babynames/decades/names1990s.html,United States,1999,female,given
121,Michael,https://www.ssa.gov/oact/babynames/decades/names1980s.html,United States,1989,male,given
122,Christopher,https://www.ssa.gov/oact/babynames/decades/names1980s.html,United States,1989,male,given
123,Matthew,https://www.ssa.gov/oact/babynames/decades/names1980s.html,United States,1989,male,given
124,Joshua,https://www.ssa.gov/oact/babynames/decades/names1980s.html,United States,1989,male,given
125,David,https://www.ssa.gov/oact/babynames/decades/names1980s.html,United States,1989,male,given
126,James,https://www.ssa.gov/oact/babynames/decades/names1980s.html,United States,1989,male,given
127,Daniel,https://www.ssa.gov/oact/babynames/decades/names1980s.html,United States,1989,male,given
128,Robert,https://www.ssa.gov/oact/babynames/decades/names1980s.html,United States,1989,male,given
129,John,https://www.ssa.gov/oact/babynames/decades/names1980s.html,United States,1989,male,given
130,Joseph,https://www.ssa.gov/oact/babynames/decades/names1980s.html,United States,1989,male,given
131,Jason,https://www.ssa.gov/oact/babynames/decades/names1980s.html,United States,1989,male,given
132,Justin,https://www.ssa.gov/oact/babynames/decades/names1980s.html,United States,1989,male,given
133,Andrew,https://www.ssa.gov/oact/babynames/decades/names1980s.html,United States,1989,male,given
134,Ryan,https://www.ssa.gov/oact/babynames/decades/names1980s.html,United States,1989,male,given
135,William,https://www.ssa.gov/oact/babynames/decades/names1980s.html,United States,1989,male,given
136,Brian,https://www.ssa.gov/oact/babynames/decades/names1980s.html,United States,1989,male,given
137,Brandon,https://www.ssa.gov/oact/babynames/decades/names1980s.html,United States,1989,male,given
138,Jonathon,https://www.ssa.gov/oact/babynames/decades/names1980s.html,United States,1989,male,given
139,Nicholas,https://www.ssa.gov/oact/babynames/decades/names1980s.html,United States,1989,male,given
140,Anthony,https://www.ssa.gov/oact/babynames/decades/names1980s.html,United States,1989,male,given
141,Jessica,https://www.ssa.gov/oact/babynames/decades/names1980s.html,United States,1989,female,given
142,Jennifer,https://www.ssa.gov/oact/babynames/decades/names1980s.html,United States,1989,female,given
143,Amanda,https://www.ssa.gov/oact/babynames/decades/names1980s.html,United States,1989,female,given
144,Ashley,https://www.ssa.gov/oact/babynames/decades/names1980s.html,United States,1989,female,given
145,Sarah,https://www.ssa.gov/oact/babynames/decades/names1980s.html,United States,1989,female,given
146,Stephanie,https://www.ssa.gov/oact/babynames/decades/names1980s.html,United States,1989,female,given
147,Melissa,https://www.ssa.gov/oact/babynames/decades/names1980s.html,United States,1989,female,given
148,Nicole,https://www.ssa.gov/oact/babynames/decades/names1980s.html,United States,1989,female,given
149,Elizabeth,https://www.ssa.gov/oact/babynames/decades/names1980s.html,United States,1989,female,given
150,Heather,https://www.ssa.gov/oact/babynames/decades/names1980s.html,United States,1989,female,given
151,Tiffany,https://www.ssa.gov/oact/babynames/decades/names1980s.html,United States,1989,female,given
152,Michelle,https://www.ssa.gov/oact/babynames/decades/names1980s.html,United States,1989,female,given
153,Amber,https://www.ssa.gov/oact/babynames/decades/names1980s.html,United States,1989,female,given
154,Megan,https://www.ssa.gov/oact/babynames/decades/names1980s.html,United States,1989,female,given
155,Amy,https://www.ssa.gov/oact/babynames/decades/names1980s.html,United States,1989,female,given
156,Rachel,https://www.ssa.gov/oact/babynames/decades/names1980s.html,United States,1989,female,given
157,Kimberly,https://www.ssa.gov/oact/babynames/decades/names1980s.html,United States,1989,female,given
158,Christina,https://www.ssa.gov/oact/babynames/decades/names1980s.html,United States,1989,female,given
159,Lauren,https://www.ssa.gov/oact/babynames/decades/names1980s.html,United States,1989,female,given
160,Crystal,https://www.ssa.gov/oact/babynames/decades/names1980s.html,United States,1989,female,given
161,Michael,https://www.ssa.gov/oact/babynames/decades/names1970s.html,United States,1979,male,given
162,Christopher,https://www.ssa.gov/oact/babynames/decades/names1970s.html,United States,1979,male,given
163,Jason,https://www.ssa.gov/oact/babynames/decades/names1970s.html,United States,1979,male,given
164,David,https://www.ssa.gov/oact/babynames/decades/names1970s.html,United States,1979,male,given
165,James,https://www.ssa.gov/oact/babynames/decades/names1970s.html,United States,1979,male,given
166,John,https://www.ssa.gov/oact/babynames/decades/names1970s.html,United States,1979,male,given
167,Robert,https://www.ssa.gov/oact/babynames/decades/names1970s.html,United States,1979,male,given
168,Brian,https://www.ssa.gov/oact/babynames/decades/names1970s.html,United States,1979,male,given
169,William,https://www.ssa.gov/oact/babynames/decades/names1970s.html,United States,1979,male,given
170,Matthew,https://www.ssa.gov/oact/babynames/decades/names1970s.html,United States,1979,male,given
171,Joseph,https://www.ssa.gov/oact/babynames/decades/names1970s.html,United States,1979,male,given
172,Daniel,https://www.ssa.gov/oact/babynames/decades/names1970s.html,United States,1979,male,given
173,Kevin,https://www.ssa.gov/oact/babynames/decades/names1970s.html,United States,1979,male,given
174,Eric,https://www.ssa.gov/oact/babynames/decades/names1970s.html,United States,1979,male,given
175,Jeffery,https://www.ssa.gov/oact/babynames/decades/names1970s.html,United States,1979,male,given
176,Richard,https://www.ssa.gov/oact/babynames/decades/names1970s.html,United States,1979,male,given
177,Scott,https://www.ssa.gov/oact/babynames/decades/names1970s.html,United States,1979,male,given
178,Mark,https://www.ssa.gov/oact/babynames/decades/names1970s.html,United States,1979,male,given
179,Steven,https://www.ssa.gov/oact/babynames/decades/names1970s.html,United States,1979,male,given
180,Thomas,https://www.ssa.gov/oact/babynames/decades/names1970s.html,United States,1979,male,given
181,Jennifer,https://www.ssa.gov/oact/babynames/decades/names1970s.html,United States,1979,female,given
182,Amy,https://www.ssa.gov/oact/babynames/decades/names1970s.html,United States,1979,female,given
183,Melissa,https://www.ssa.gov/oact/babynames/decades/names1970s.html,United States,1979,female,given
184,Michelle,https://www.ssa.gov/oact/babynames/decades/names1970s.html,United States,1979,female,given
185,Kimberly,https://www.ssa.gov/oact/babynames/decades/names1970s.html,United States,1979,female,given
186,Lisa,https://www.ssa.gov/oact/babynames/decades/names1970s.html,United States,1979,female,given
187,Angela,https://www.ssa.gov/oact/babynames/decades/names1970s.html,United States,1979,female,given
188,Heather,https://www.ssa.gov/oact/babynames/decades/names1970s.html,United States,1979,female,given
189,Stephanie,https://www.ssa.gov/oact/babynames/decades/names1970s.html,United States,1979,female,given
190,Nicole,https://www.ssa.gov/oact/babynames/decades/names1970s.html,United States,1979,female,given
191,Jessica,https://www.ssa.gov/oact/babynames/decades/names1970s.html,United States,1979,female,given
192,Elizabeth,https://www.ssa.gov/oact/babynames/decades/names1970s.html,United States,1979,female,given
193,Rebecca,https://www.ssa.gov/oact/babynames/decades/names1970s.html,United States,1979,female,given
194,Kelly,https://www.ssa.gov/oact/babynames/decades/names1970s.html,United States,1979,female,given
195,Mary,https://www.ssa.gov/oact/babynames/decades/names1970s.html,United States,1979,female,given
196,Christina,https://www.ssa.gov/oact/babynames/decades/names1970s.html,United States,1979,female,given
197,Amanda,https://www.ssa.gov/oact/babynames/decades/names1970s.html,United States,1979,female,given
198,Julie,https://www.ssa.gov/oact/babynames/decades/names1970s.html,United States,1979,female,given
199,Sarah,https://www.ssa.gov/oact/babynames/decades/names1970s.html,United States,1979,female,given
200,Laura,https://www.ssa.gov/oact/babynames/decades/names1970s.html,United States,1979,female,given
201,Michael,https://www.ssa.gov/oact/babynames/decades/names1960s.html,United States,1969,male,given
202,David,https://www.ssa.gov/oact/babynames/decades/names1960s.html,United States,1969,male,given
203,John,https://www.ssa.gov/oact/babynames/decades/names1960s.html,United States,1969,male,given
204,James,https://www.ssa.gov/oact/babynames/decades/names1960s.html,United States,1969,male,given
205,Robert,https://www.ssa.gov/oact/babynames/decades/names1960s.html,United States,1969,male,given
206,Mark,https://www.ssa.gov/oact/babynames/decades/names1960s.html,United States,1969,male,given
207,William,https://www.ssa.gov/oact/babynames/decades/names1960s.html,United States,1969,male,given
208,Richard,https://www.ssa.gov/oact/babynames/decades/names1960s.html,United States,1969,male,given
209,Thomas,https://www.ssa.gov/oact/babynames/decades/names1960s.html,United States,1969,male,given
210,Jeffery,https://www.ssa.gov/oact/babynames/decades/names1960s.html,United States,1969,male,given
211,Steven,https://www.ssa.gov/oact/babynames/decades/names1960s.html,United States,1969,male,given
212,Joseph,https://www.ssa.gov/oact/babynames/decades/names1960s.html,United States,1969,male,given
213,Timothy,https://www.ssa.gov/oact/babynames/decades/names1960s.html,United States,1969,male,given
214,Kevin,https://www.ssa.gov/oact/babynames/decades/names1960s.html,United States,1969,male,given
215,Scott,https://www.ssa.gov/oact/babynames/decades/names1960s.html,United States,1969,male,given
216,Brian,https://www.ssa.gov/oact/babynames/decades/names1960s.html,United States,1969,male,given
217,Charles,https://www.ssa.gov/oact/babynames/decades/names1960s.html,United States,1969,male,given
218,Paul,https://www.ssa.gov/oact/babynames/decades/names1960s.html,United States,1969,male,given
219,Daniel,https://www.ssa.gov/oact/babynames/decades/names1960s.html,United States,1969,male,given
220,Christopher,https://www.ssa.gov/oact/babynames/decades/names1960s.html,United States,1969,male,given
221,Lisa,https://www.ssa.gov/oact/babynames/decades/names1960s.html,United States,1969,female,given
222,Mary,https://www.ssa.gov/oact/babynames/decades/names1960s.html,United States,1969,female,given
223,Susan,https://www.ssa.gov/oact/babynames/decades/names1960s.html,United States,1969,female,given
224,Karen,https://www.ssa.gov/oact/babynames/decades/names1960s.html,United States,1969,female,given
225,Kimberly,https://www.ssa.gov/oact/babynames/decades/names1960s.html,United States,1969,female,given
226,Patricia,https://www.ssa.gov/oact/babynames/decades/names1960s.html,United States,1969,female,given
227,Linda,https://www.ssa.gov/oact/babynames/decades/names1960s.html,United States,1969,female,given
228,Donna,https://www.ssa.gov/oact/babynames/decades/names1960s.html,United States,1969,female,given
229,Michelle,https://www.ssa.gov/oact/babynames/decades/names1960s.html,United States,1969,female,given
230,Cynthia,https://www.ssa.gov/oact/babynames/decades/names1960s.html,United States,1969,female,given
231,Sandra,https://www.ssa.gov/oact/babynames/decades/names1960s.html,United States,1969,female,given
232,Deborah,https://www.ssa.gov/oact/babynames/decades/names1960s.html,United States,1969,female,given
233,Tammy,https://www.ssa.gov/oact/babynames/decades/names1960s.html,United States,1969,female,given
234,Pamela,https://www.ssa.gov/oact/babynames/decades/names1960s.html,United States,1969,female,given
235,Lori,https://www.ssa.gov/oact/babynames/decades/names1960s.html,United States,1969,female,given
236,Laura,https://www.ssa.gov/oact/babynames/decades/names1960s.html,United States,1969,female,given
237,Elizabeth,https://www.ssa.gov/oact/babynames/decades/names1960s.html,United States,1969,female,given
238,Julie,https://www.ssa.gov/oact/babynames/decades/names1960s.html,United States,1969,female,given
239,Brenda,https://www.ssa.gov/oact/babynames/decades/names1960s.html,United States,1969,female,given
240,Jennifer,https://www.ssa.gov/oact/babynames/decades/names1960s.html,United States,1969,female,given
241,James,https://www.ssa.gov/oact/babynames/decades/names1950s.html,United States,1959,male,given
242,Michael,https://www.ssa.gov/oact/babynames/decades/names1950s.html,United States,1959,male,given
243,Robert,https://www.ssa.gov/oact/babynames/decades/names1950s.html,United States,1959,male,given
244,John,https://www.ssa.gov/oact/babynames/decades/names1950s.html,United States,1959,male,given
245,David,https://www.ssa.gov/oact/babynames/decades/names1950s.html,United States,1959,male,given
246,William,https://www.ssa.gov/oact/babynames/decades/names1950s.html,United States,1959,male,given
247,Richard,https://www.ssa.gov/oact/babynames/decades/names1950s.html,United States,1959,male,given
248,Thomas,https://www.ssa.gov/oact/babynames/decades/names1950s.html,United States,1959,male,given
249,Mark,https://www.ssa.gov/oact/babynames/decades/names1950s.html,United States,1959,male,given
250,Charles,https://www.ssa.gov/oact/babynames/decades/names1950s.html,United States,1959,male,given
251,Steven,https://www.ssa.gov/oact/babynames/decades/names1950s.html,United States,1959,male,given
252,Gary,https://www.ssa.gov/oact/babynames/decades/names1950s.html,United States,1959,male,given
253,Jospeh,https://www.ssa.gov/oact/babynames/decades/names1950s.html,United States,1959,male,given
254,Donald,https://www.ssa.gov/oact/babynames/decades/names1950s.html,United States,1959,male,given
255,Ronald,https://www.ssa.gov/oact/babynames/decades/names1950s.html,United States,1959,male,given
256,Kenneth,https://www.ssa.gov/oact/babynames/decades/names1950s.html,United States,1959,male,given
257,Paul,https://www.ssa.gov/oact/babynames/decades/names1950s.html,United States,1959,male,given
258,Larry,https://www.ssa.gov/oact/babynames/decades/names1950s.html,United States,1959,male,given
259,Daniel,https://www.ssa.gov/oact/babynames/decades/names1950s.html,United States,1959,male,given
260,Stephen,https://www.ssa.gov/oact/babynames/decades/names1950s.html,United States,1959,male,given
261,Mary,https://www.ssa.gov/oact/babynames/decades/names1950s.html,United States,1959,female,given
262,Linda,https://www.ssa.gov/oact/babynames/decades/names1950s.html,United States,1959,female,given
263,Patricia,https://www.ssa.gov/oact/babynames/decades/names1950s.html,United States,1959,female,given
264,Susan,https://www.ssa.gov/oact/babynames/decades/names1950s.html,United States,1959,female,given
265,Deborah,https://www.ssa.gov/oact/babynames/decades/names1950s.html,United States,1959,female,given
266,Barbara,https://www.ssa.gov/oact/babynames/decades/names1950s.html,United States,1959,female,given
267,Debra,https://www.ssa.gov/oact/babynames/decades/names1950s.html,United States,1959,female,given
268,Karen,https://www.ssa.gov/oact/babynames/decades/names1950s.html,United States,1959,female,given
269,Nancy,https://www.ssa.gov/oact/babynames/decades/names1950s.html,United States,1959,female,given
270,Donna,https://www.ssa.gov/oact/babynames/decades/names1950s.html,United States,1959,female,given
271,Cynthia,https://www.ssa.gov/oact/babynames/decades/names1950s.html,United States,1959,female,given
272,Sandra,https://www.ssa.gov/oact/babynames/decades/names1950s.html,United States,1959,female,given
273,Pamela,https://www.ssa.gov/oact/babynames/decades/names1950s.html,United States,1959,female,given
274,Sharon,https://www.ssa.gov/oact/babynames/decades/names1950s.html,United States,1959,female,given
275,Kathleen,https://www.ssa.gov/oact/babynames/decades/names1950s.html,United States,1959,female,given
276,Carol,https://www.ssa.gov/oact/babynames/decades/names1950s.html,United States,1959,female,given
277,Diane,https://www.ssa.gov/oact/babynames/decades/names1950s.html,United States,1959,female,given
278,Brenda,https://www.ssa.gov/oact/babynames/decades/names1950s.html,United States,1959,female,given
279,Cheryl,https://www.ssa.gov/oact/babynames/decades/names1950s.html,United States,1959,female,given
280,Janet,https://www.ssa.gov/oact/babynames/decades/names1950s.html,United States,1959,female,given
281,James,https://www.ssa.gov/oact/babynames/decades/names1940s.html,United States,1949,male,given
282,Robert,https://www.ssa.gov/oact/babynames/decades/names1940s.html,United States,1949,male,given
283,John,https://www.ssa.gov/oact/babynames/decades/names1940s.html,United States,1949,male,given
284,William,https://www.ssa.gov/oact/babynames/decades/names1940s.html,United States,1949,male,given
285,Richard,https://www.ssa.gov/oact/babynames/decades/names1940s.html,United States,1949,male,given
286,David,https://www.ssa.gov/oact/babynames/decades/names1940s.html,United States,1949,male,given
287,Charles,https://www.ssa.gov/oact/babynames/decades/names1940s.html,United States,1949,male,given
288,Thomas,https://www.ssa.gov/oact/babynames/decades/names1940s.html,United States,1949,male,given
289,Michael,https://www.ssa.gov/oact/babynames/decades/names1940s.html,United States,1949,male,given
290,Ronald,https://www.ssa.gov/oact/babynames/decades/names1940s.html,United States,1949,male,given
291,Larry,https://www.ssa.gov/oact/babynames/decades/names1940s.html,United States,1949,male,given
292,Donald,https://www.ssa.gov/oact/babynames/decades/names1940s.html,United States,1949,male,given
293,Joseph,https://www.ssa.gov/oact/babynames/decades/names1940s.html,United States,1949,male,given
294,Gary,https://www.ssa.gov/oact/babynames/decades/names1940s.html,United States,1949,male,given
295,George,https://www.ssa.gov/oact/babynames/decades/names1940s.html,United States,1949,male,given
296,Kenneth,https://www.ssa.gov/oact/babynames/decades/names1940s.html,United States,1949,male,given
297,Paul,https://www.ssa.gov/oact/babynames/decades/names1940s.html,United States,1949,male,given
298,Edward,https://www.ssa.gov/oact/babynames/decades/names1940s.html,United States,1949,male,given
299,Jerry,https://www.ssa.gov/oact/babynames/decades/names1940s.html,United States,1949,male,given
300,Dennis,https://www.ssa.gov/oact/babynames/decades/names1940s.html,United States,1949,male,given
301,Mary,https://www.ssa.gov/oact/babynames/decades/names1940s.html,United States,1949,female,given
302,Linda,https://www.ssa.gov/oact/babynames/decades/names1940s.html,United States,1949,female,given
303,Barbara,https://www.ssa.gov/oact/babynames/decades/names1940s.html,United States,1949,female,given
304,Patricia,https://www.ssa.gov/oact/babynames/decades/names1940s.html,United States,1949,female,given
305,Carol,https://www.ssa.gov/oact/babynames/decades/names1940s.html,United States,1949,female,given
306,Sandra,https://www.ssa.gov/oact/babynames/decades/names1940s.html,United States,1949,female,given
307,Nancy,https://www.ssa.gov/oact/babynames/decades/names1940s.html,United States,1949,female,given
308,Sharon,https://www.ssa.gov/oact/babynames/decades/names1940s.html,United States,1949,female,given
309,Judith,https://www.ssa.gov/oact/babynames/decades/names1940s.html,United States,1949,female,given
310,Susan,https://www.ssa.gov/oact/babynames/decades/names1940s.html,United States,1949,female,given
311,Betty,https://www.ssa.gov/oact/babynames/decades/names1940s.html,United States,1949,female,given
312,Carolyn,https://www.ssa.gov/oact/babynames/decades/names1940s.html,United States,1949,female,given
313,Margaret,https://www.ssa.gov/oact/babynames/decades/names1940s.html,United States,1949,female,given
314,Shirley,https://www.ssa.gov/oact/babynames/decades/names1940s.html,United States,1949,female,given
315,Judy,https://www.ssa.gov/oact/babynames/decades/names1940s.html,United States,1949,female,given
316,Karen,https://www.ssa.gov/oact/babynames/decades/names1940s.html,United States,1949,female,given
317,Donna,https://www.ssa.gov/oact/babynames/decades/names1940s.html,United States,1949,female,given
318,Kathleen,https://www.ssa.gov/oact/babynames/decades/names1940s.html,United States,1949,female,given
319,Joyce,https://www.ssa.gov/oact/babynames/decades/names1940s.html,United States,1949,female,given
320,Dorothy,https://www.ssa.gov/oact/babynames/decades/names1940s.html,United States,1949,female,given
321,Maria,https://heraldry.sca.org/names/byzantine/PLRE_fem_names_freq.html,Roman,641,female,given
322,Anastasia,https://heraldry.sca.org/names/byzantine/PLRE_fem_names_freq.html,Roman,641,female,given
323,Patricia,https://heraldry.sca.org/names/byzantine/PLRE_fem_names_freq.html,Roman,641,female,given
324,Constantina,https://heraldry.sca.org/names/byzantine/PLRE_fem_names_freq.html,Roman,641,female,given
325,Euphemia,https://heraldry.sca.org/names/byzantine/PLRE_fem_names_freq.html,Roman,641,female,given
326,Iuliana,https://heraldry.sca.org/names/byzantine/PLRE_fem_names_freq.html,Roman,641,female,given
327,Rusticana,https://heraldry.sca.org/names/byzantine/PLRE_fem_names_freq.html,Roman,641,female,given
328,Theodora,https://heraldry.sca.org/names/byzantine/PLRE_fem_names_freq.html,Roman,641,female,given
329,Alexandria,https://heraldry.sca.org/names/byzantine/PLRE_fem_names_freq.html,Roman,641,female,given
330,Antonina,https://heraldry.sca.org/names/byzantine/PLRE_fem_names_freq.html,Roman,641,female,given
331,Athanasia,https://heraldry.sca.org/names/byzantine/PLRE_fem_names_freq.html,Roman,641,female,given
332,Cesarea,https://heraldry.sca.org/names/byzantine/PLRE_fem_names_freq.html,Roman,641,female,given
333,Dominica,https://heraldry.sca.org/names/byzantine/PLRE_fem_names_freq.html,Roman,641,female,given
334,Eugenia,https://heraldry.sca.org/names/byzantine/PLRE_fem_names_freq.html,Roman,641,female,given
335,Gregoria,https://heraldry.sca.org/names/byzantine/PLRE_fem_names_freq.html,Roman,641,female,given
336,Helena,https://heraldry.sca.org/names/byzantine/PLRE_fem_names_freq.html,Roman,641,female,given
337,Praeiecta,https://heraldry.sca.org/names/byzantine/PLRE_fem_names_freq.html,Roman,641,female,given
338,Sophia,https://heraldry.sca.org/names/byzantine/PLRE_fem_names_freq.html,Roman,641,female,given
339,Theocharista,https://heraldry.sca.org/names/byzantine/PLRE_fem_names_freq.html,Roman,641,female,given
340,Aelia,https://heraldry.sca.org/names/byzantine/PLRE_fem_names_freq.html,Roman,641,female,given
341,Anna,https://heraldry.sca.org/names/byzantine/PLRE_fem_names_freq.html,Roman,641,female,given
342,Ionnes,https://heraldry.sca.org/names/byzantine/PLRE_masc_names_freq.html,Roman,641,male,given
343,Theodorus,https://heraldry.sca.org/names/byzantine/PLRE_masc_names_freq.html,Roman,641,male,given
344,Stephanus,https://heraldry.sca.org/names/byzantine/PLRE_masc_names_freq.html,Roman,641,male,given
345,Georgius,https://heraldry.sca.org/names/byzantine/PLRE_masc_names_freq.html,Roman,641,male,given
346,Petrus,https://heraldry.sca.org/names/byzantine/PLRE_masc_names_freq.html,Roman,641,male,given
347,Paulus,https://heraldry.sca.org/names/byzantine/PLRE_masc_names_freq.html,Roman,641,male,given
348,Sergius,https://heraldry.sca.org/names/byzantine/PLRE_masc_names_freq.html,Roman,641,male,given
349,Menas,https://heraldry.sca.org/names/byzantine/PLRE_masc_names_freq.html,Roman,641,male,given
350,Constantinus,https://heraldry.sca.org/names/byzantine/PLRE_masc_names_freq.html,Roman,641,male,given
351,Theodosius,https://heraldry.sca.org/names/byzantine/PLRE_masc_names_freq.html,Roman,641,male,given
352,Iulianus,https://heraldry.sca.org/names/byzantine/PLRE_masc_names_freq.html,Roman,641,male,given
353,Leontius,https://heraldry.sca.org/names/byzantine/PLRE_masc_names_freq.html,Roman,641,male,given
354,Anastasius,https://heraldry.sca.org/names/byzantine/PLRE_masc_names_freq.html,Roman,641,male,given
355,Thomas,https://heraldry.sca.org/names/byzantine/PLRE_masc_names_freq.html,Roman,641,male,given
356,Andreas,https://heraldry.sca.org/names/byzantine/PLRE_masc_names_freq.html,Roman,641,male,given
357,Cosmas,https://heraldry.sca.org/names/byzantine/PLRE_masc_names_freq.html,Roman,641,male,given
358,Gregorius,https://heraldry.sca.org/names/byzantine/PLRE_masc_names_freq.html,Roman,641,male,given
359,Leo,https://heraldry.sca.org/names/byzantine/PLRE_masc_names_freq.html,Roman,641,male,given
360,Alexander,https://heraldry.sca.org/names/byzantine/PLRE_masc_names_freq.html,Roman,641,male,given
361,Phoebammon,https://heraldry.sca.org/names/byzantine/PLRE_masc_names_freq.html,Roman,641,male,given
362,Sergey,https://forebears.io/russia/forenames,Russia,,male,given
363,Aleksandr,https://forebears.io/russia/forenames,Russia,,male,given
364,Elena,https://forebears.io/russia/forenames,Russia,,female,given
365,Tatyana,https://forebears.io/russia/forenames,Russia,,female,given
366,Olga,https://forebears.io/russia/forenames,Russia,,female,given
367,Natalya,https://forebears.io/russia/forenames,Russia,,female,given
368,Andrey,https://forebears.io/russia/forenames,Russia,,male,given
369,Ekaterina,https://forebears.io/russia/forenames,Russia,,female,given
370,Dmitriy,https://forebears.io/russia/forenames,Russia,,male,given
371,Irina,https://forebears.io/russia/forenames,Russia,,female,given
372,Vladimir,https://forebears.io/russia/forenames,Russia,,male,given
373,Aleksey,https://forebears.io/russia/forenames,Russia,,male,given
374,Svetlana,https://forebears.io/russia/forenames,Russia,,female,given
375,Anastasiya,https://forebears.io/russia/forenames,Russia,,female,given
376,Anna,https://forebears.io/russia/forenames,Russia,,female,given
377,Maksim,https://forebears.io/russia/forenames,Russia,,male,given
378,Marina,https://forebears.io/russia/forenames,Russia,,female,given
379,Ivan,https://forebears.io/russia/forenames,Russia,,male,given
380,Evgeniy,https://forebears.io/russia/forenames,Russia,,male,given
381,Alexander,https://forebears.io/russia/forenames,Russia,,male,given
382,Nikolay,https://forebears.io/russia/forenames,Russia,,male,given
383,Mariya,https://forebears.io/russia/forenames,Russia,,female,given
384,Mikhail,https://forebears.io/russia/forenames,Russia,,male,given
385,Yuliya,https://forebears.io/russia/forenames,Russia,,female,given
386,Denis,https://forebears.io/russia/forenames,Russia,,male,given
387,Roman,https://forebears.io/russia/forenames,Russia,,male,given
388,Darya,https://forebears.io/russia/forenames,Russia,,female,given
389,Pavel,https://forebears.io/russia/forenames,Russia,,male,given
390,Nadezhda,https://forebears.io/russia/forenames,Russia,,female,given
391,Igor,https://forebears.io/russia/forenames,Russia,,male,given
392,Viktoriya,https://forebears.io/russia/forenames,Russia,,female,given
393,Anton,https://forebears.io/russia/forenames,Russia,,male,given
394,Nikita,https://forebears.io/russia/forenames,Russia,,male,given
395,Lyudmila,https://forebears.io/russia/forenames,Russia,,female,given
396,Oleg,https://forebears.io/russia/forenames,Russia,,male,given
397,Ilya,https://forebears.io/russia/forenames,Russia,,male,given
398,Galina,https://forebears.io/russia/forenames,Russia,,female,given
399,Kristina,https://forebears.io/russia/forenames,Russia,,female,given
400,Alina,https://forebears.io/russia/forenames,Russia,,female,given
401,Kseniya,https://forebears.io/russia/forenames,Russia,,female,given